"Genotype","AS","LM","AQ","PPQ","MQ","SP","CQ","AL","ASAQ","DHAPPQ","ASMQ"
"KNY1C1",0.688844,0.719172,0.862417,0.89897,0.945251,0.396158,0.809629,0.915158,0.962073,0.972486,0.983392
"TNY1C1",0.688844,0.769831,0.810543,0.89897,0.945251,0.396158,0.337169,0.929358,0.947158,0.972486,0.983392
"KYY1C1",0.688844,0.82798,0.682073,0.89897,0.945251,0.396158,0.638911,0.953453,0.905281,0.972486,0.983392
"TYY1C1",0.688844,0.870361,0.633017,0.89897,0.945251,0.396158,0.195339,0.964582,0.891124,0.972486,0.983392
"KNF1C1",0.688844,0.627014,0.920776,0.89897,0.945251,0.396158,0.809629,0.889945,0.976982,0.972486,0.983392
"TNF1C1",0.688844,0.676138,0.846993,0.89897,0.945251,0.396158,0.337169,0.908054,0.958879,0.972486,0.983392
"KYF1C1",0.688844,0.719172,0.761061,0.89897,0.945251,0.396158,0.638911,0.915158,0.930465,0.972486,0.983392
"TYF1C1",0.688844,0.769831,0.714357,0.89897,0.945251,0.396158,0.195339,0.929358,0.917383,0.972486,0.983392
"KNY2C1",0.688844,0.522661,0.862417,0.89897,0.461131,0.396158,0.809629,0.858645,0.962073,0.972486,0.846008
"TNY2C1",0.688844,0.57463,0.810543,0.89897,0.461131,0.396158,0.337169,0.869483,0.947158,0.972486,0.846008
"KYY2C1",0.688844,0.661565,0.682073,0.89897,0.461131,0.396158,0.638911,0.896817,0.905281,0.972486,0.846008
"TYY2C1",0.688844,0.719172,0.633017,0.89897,0.461131,0.396158,0.195339,0.915158,0.891124,0.972486,0.846008
"KNF2C1",0.688844,0.421911,0.920776,0.89897,0.461131,0.396158,0.809629,0.830015,0.976982,0.972486,0.846008
"TNF2C1",0.688844,0.474232,0.846993,0.89897,0.461131,0.396158,0.337169,0.844322,0.958879,0.972486,0.846008
"KYF2C1",0.688844,0.522661,0.761061,0.89897,0.461131,0.396158,0.638911,0.858645,0.930465,0.972486,0.846008
"TYF2C1",0.688844,0.57463,0.714357,0.89897,0.461131,0.396158,0.195339,0.869483,0.917383,0.972486,0.846008
"KNY1Y1",0.240696,0.719172,0.862417,0.89897,0.945251,0.396158,0.809629,0.795336,0.895737,0.928664,0.962485
"TNY1Y1",0.240696,0.769831,0.810543,0.89897,0.945251,0.396158,0.337169,0.828863,0.864359,0.928664,0.962485
"KYY1Y1",0.240696,0.82798,0.682073,0.89897,0.945251,0.396158,0.638911,0.877727,0.771709,0.928664,0.962485
"TYY1Y1",0.240696,0.870361,0.633017,0.89897,0.945251,0.396158,0.195339,0.907645,0.735268,0.928664,0.962485
"KNF1Y1",0.240696,0.627014,0.920776,0.89897,0.945251,0.396158,0.809629,0.723351,0.948359,0.928664,0.962485
"TNF1Y1",0.240696,0.676138,0.846993,0.89897,0.945251,0.396158,0.337169,0.753201,0.892625,0.928664,0.962485
"KYF1Y1",0.240696,0.719172,0.761061,0.89897,0.945251,0.396158,0.638911,0.795336,0.824725,0.928664,0.962485
"TYF1Y1",0.240696,0.769831,0.714357,0.89897,0.945251,0.396158,0.195339,0.828863,0.794297,0.928664,0.962485
"KNY2Y1",0.240696,0.522661,0.862417,0.89897,0.461131,0.396158,0.809629,0.646288,0.895737,0.928664,0.607347
"TNY2Y1",0.240696,0.57463,0.810543,0.89897,0.461131,0.396158,0.337169,0.684442,0.864359,0.928664,0.607347
"KYY2Y1",0.240696,0.661565,0.682073,0.89897,0.461131,0.396158,0.638911,0.75155,0.771709,0.928664,0.607347
"TYY2Y1",0.240696,0.719172,0.633017,0.89897,0.461131,0.396158,0.195339,0.795336,0.735268,0.928664,0.607347
"KNF2Y1",0.240696,0.421911,0.920776,0.89897,0.461131,0.396158,0.809629,0.570356,0.948359,0.928664,0.607347
"TNF2Y1",0.240696,0.474232,0.846993,0.89897,0.461131,0.396158,0.337169,0.604481,0.892625,0.928664,0.607347
"KYF2Y1",0.240696,0.522661,0.761061,0.89897,0.461131,0.396158,0.638911,0.646288,0.824725,0.928664,0.607347
"TYF2Y1",0.240696,0.57463,0.714357,0.89897,0.461131,0.396158,0.195339,0.684442,0.794297,0.928664,0.607347
"KNY1C2",0.688844,0.719172,0.862417,0.212628,0.945251,0.396158,0.809629,0.915158,0.962073,0.768484,0.983392
"TNY1C2",0.688844,0.769831,0.810543,0.212628,0.945251,0.396158,0.337169,0.929358,0.947158,0.768484,0.983392
"KYY1C2",0.688844,0.82798,0.682073,0.212628,0.945251,0.396158,0.638911,0.953453,0.905281,0.768484,0.983392
"TYY1C2",0.688844,0.870361,0.633017,0.212628,0.945251,0.396158,0.195339,0.964582,0.891124,0.768484,0.983392
"KNF1C2",0.688844,0.627014,0.920776,0.212628,0.945251,0.396158,0.809629,0.889945,0.976982,0.768484,0.983392
"TNF1C2",0.688844,0.676138,0.846993,0.212628,0.945251,0.396158,0.337169,0.908054,0.958879,0.768484,0.983392
"KYF1C2",0.688844,0.719172,0.761061,0.212628,0.945251,0.396158,0.638911,0.915158,0.930465,0.768484,0.983392
"TYF1C2",0.688844,0.769831,0.714357,0.212628,0.945251,0.396158,0.195339,0.929358,0.917383,0.768484,0.983392
"KNY2C2",0.688844,0.522661,0.862417,0.212628,0.461131,0.396158,0.809629,0.858645,0.962073,0.768484,0.846008
"TNY2C2",0.688844,0.57463,0.810543,0.212628,0.461131,0.396158,0.337169,0.869483,0.947158,0.768484,0.846008
"KYY2C2",0.688844,0.661565,0.682073,0.212628,0.461131,0.396158,0.638911,0.896817,0.905281,0.768484,0.846008
"TYY2C2",0.688844,0.719172,0.633017,0.212628,0.461131,0.396158,0.195339,0.915158,0.891124,0.768484,0.846008
"KNF2C2",0.688844,0.421911,0.920776,0.212628,0.461131,0.396158,0.809629,0.830015,0.976982,0.768484,0.846008
"TNF2C2",0.688844,0.474232,0.846993,0.212628,0.461131,0.396158,0.337169,0.844322,0.958879,0.768484,0.846008
"KYF2C2",0.688844,0.522661,0.761061,0.212628,0.461131,0.396158,0.638911,0.858645,0.930465,0.768484,0.846008
"TYF2C2",0.688844,0.57463,0.714357,0.212628,0.461131,0.396158,0.195339,0.869483,0.917383,0.768484,0.846008
"KNY1Y2",0.240696,0.719172,0.862417,0.212628,0.945251,0.396158,0.809629,0.795336,0.895737,0.414973,0.962485
"TNY1Y2",0.240696,0.769831,0.810543,0.212628,0.945251,0.396158,0.337169,0.828863,0.864359,0.414973,0.962485
"KYY1Y2",0.240696,0.82798,0.682073,0.212628,0.945251,0.396158,0.638911,0.877727,0.771709,0.414973,0.962485
"TYY1Y2",0.240696,0.870361,0.633017,0.212628,0.945251,0.396158,0.195339,0.907645,0.735268,0.414973,0.962485
"KNF1Y2",0.240696,0.627014,0.920776,0.212628,0.945251,0.396158,0.809629,0.723351,0.948359,0.414973,0.962485
"TNF1Y2",0.240696,0.676138,0.846993,0.212628,0.945251,0.396158,0.337169,0.753201,0.892625,0.414973,0.962485
"KYF1Y2",0.240696,0.719172,0.761061,0.212628,0.945251,0.396158,0.638911,0.795336,0.824725,0.414973,0.962485
"TYF1Y2",0.240696,0.769831,0.714357,0.212628,0.945251,0.396158,0.195339,0.828863,0.794297,0.414973,0.962485
"KNY2Y2",0.240696,0.522661,0.862417,0.212628,0.461131,0.396158,0.809629,0.646288,0.895737,0.414973,0.607347
"TNY2Y2",0.240696,0.57463,0.810543,0.212628,0.461131,0.396158,0.337169,0.684442,0.864359,0.414973,0.607347
"KYY2Y2",0.240696,0.661565,0.682073,0.212628,0.461131,0.396158,0.638911,0.75155,0.771709,0.414973,0.607347
"TYY2Y2",0.240696,0.719172,0.633017,0.212628,0.461131,0.396158,0.195339,0.795336,0.735268,0.414973,0.607347
"KNF2Y2",0.240696,0.421911,0.920776,0.212628,0.461131,0.396158,0.809629,0.570356,0.948359,0.414973,0.607347
"TNF2Y2",0.240696,0.474232,0.846993,0.212628,0.461131,0.396158,0.337169,0.604481,0.892625,0.414973,0.607347
"KYF2Y2",0.240696,0.522661,0.761061,0.212628,0.461131,0.396158,0.638911,0.646288,0.824725,0.414973,0.607347
"TYF2Y2",0.240696,0.57463,0.714357,0.212628,0.461131,0.396158,0.195339,0.684442,0.794297,0.414973,0.607347
