"FIRST_LINE","STARTING_PARTNER_DRUG_FREQ","TIME_TO_1p_580Y","TIME_TO_10p_580Y","TIME_TO_25p_580Y","TIME_TO_10p_TF","TIME_TO_25p_TF","NUMBER_OF_MUTATION_EVENTS_1","NUMBER_OF_MUTATION_EVENTS_2","NUMBER_OF_MUTATION_EVENTS_3","NUMBER_OF_MUTATION_EVENTS_4","NUMBER_OF_MUTATION_EVENTS_5","NUMBER_OF_TREATMENT_FAILURES","NUMBER_OF_TREATMENTS"
0,0,8.96438,17.6301,20.6329,18.9699,22.9644,NA,NA,NA,NA,NA,NA,NA
0,0,14.7945,23.7699,26.3233,24.4822,27.9096,NA,NA,NA,NA,NA,NA,NA
0,0,17.4027,22.537,25.1151,23.1479,26.8274,NA,NA,NA,NA,NA,NA,NA
0,0,8.84932,14.2493,17.1096,14.874,19.1507,NA,NA,NA,NA,NA,NA,NA
0,0,12.326,18.3397,21.2603,18.7699,23.0164,NA,NA,NA,NA,NA,NA,NA
0,0,22.9836,29.8658,32.5808,30.6658,34.6027,NA,NA,NA,NA,NA,NA,NA
0,0,20.811,29.1151,32.0603,30.2466,33.7178,NA,NA,NA,NA,NA,NA,NA
0,0,10.737,17.4822,20.1836,18.1151,22.2658,NA,NA,NA,NA,NA,NA,NA
0,0,11.9699,17.5397,20.6274,18.7452,22.5205,NA,NA,NA,NA,NA,NA,NA
0,0,12.0192,23.9781,26.8877,24.8027,28.6137,NA,NA,NA,NA,NA,NA,NA
0,0,9.3589,16.3534,19.1616,17.1507,20.6438,NA,NA,NA,NA,NA,NA,NA
0,0,10.4493,16.2329,18.9644,16.9534,21.1178,NA,NA,NA,NA,NA,NA,NA
0,0,7.55342,13.074,15.7616,14.1671,17.6329,NA,NA,NA,NA,NA,NA,NA
0,0,14.1452,19.7507,22.1342,20.3151,23.989,NA,NA,NA,NA,NA,NA,NA
0,0,12.4137,17.4329,19.989,18.1753,22.0493,NA,NA,NA,NA,NA,NA,NA
0,0,10.3123,16.0055,18.4219,16.2575,20.1644,NA,NA,NA,NA,NA,NA,NA
0,0,8.58082,15.2712,18.1425,16.6822,20.1397,NA,NA,NA,NA,NA,NA,NA
0,0,13.8904,19.8219,22.537,20.5123,24.3699,NA,NA,NA,NA,NA,NA,NA
0,0,9.71233,13.7123,16.2384,14.0822,18.4822,NA,NA,NA,NA,NA,NA,NA
0,0,13,20.7918,23.5123,21.9726,25.3233,NA,NA,NA,NA,NA,NA,NA
0,0.01,6.44384,13.2685,16.2384,14.1616,18.4658,NA,NA,NA,NA,NA,NA,NA
0,0.01,6.72603,11.2603,14.0192,11.9863,16.0521,NA,NA,NA,NA,NA,NA,NA
0,0.01,8.55342,14.3781,16.8247,15.0082,18.7671,NA,NA,NA,NA,NA,NA,NA
0,0.01,7.82466,15.2192,17.8575,16.274,19.8137,NA,NA,NA,NA,NA,NA,NA
0,0.01,6.93973,12.7288,15.337,13.5671,17.2849,NA,NA,NA,NA,NA,NA,NA
0,0.01,6.00548,11.1425,13.8986,12.0329,16.0438,NA,NA,NA,NA,NA,NA,NA
0,0.01,8.2,14.4192,17.0685,14.9781,18.863,NA,NA,NA,NA,NA,NA,NA
0,0.01,11.6767,17.5178,20.2219,18.0712,22.137,NA,NA,NA,NA,NA,NA,NA
0,0.01,8.05205,13.6493,16.1151,14.2411,18.2301,NA,NA,NA,NA,NA,NA,NA
0,0.01,14.4795,21.189,23.9973,22.0082,26.1123,NA,NA,NA,NA,NA,NA,NA
0,0.01,9.89041,16.611,19.2959,17.2575,21.3096,NA,NA,NA,NA,NA,NA,NA
0,0.01,7.93151,12.3342,15.2192,13.1342,17.3342,NA,NA,NA,NA,NA,NA,NA
0,0.01,12.863,19.4192,21.9315,20.0849,24.0247,NA,NA,NA,NA,NA,NA,NA
0,0.01,7.39726,12.7068,15.4,13.4849,17.2329,NA,NA,NA,NA,NA,NA,NA
0,0.01,8.63014,13.0438,15.2411,13.8274,16.8411,NA,NA,NA,NA,NA,NA,NA
0,0.01,5.60274,10.6192,13.274,11.1671,15.3233,NA,NA,NA,NA,NA,NA,NA
0,0.01,17.4767,25.5178,28.7014,26.2575,30.4438,NA,NA,NA,NA,NA,NA,NA
0,0.01,7.07397,14.2904,16.8877,14.7507,18.8301,NA,NA,NA,NA,NA,NA,NA
0,0.01,10.4767,16.4767,18.8384,17.1753,20.274,NA,NA,NA,NA,NA,NA,NA
0,0.01,13.8575,20.8932,23.7014,21.7534,25.2767,NA,NA,NA,NA,NA,NA,NA
0,0.1,6.10137,13.211,15.7534,13.7233,17.6192,NA,NA,NA,NA,NA,NA,NA
0,0.1,6.79178,12.0767,14.8959,12.2521,16.2767,NA,NA,NA,NA,NA,NA,NA
0,0.1,5.13699,10.4192,12.9151,10.7425,14.9699,NA,NA,NA,NA,NA,NA,NA
0,0.1,3.52877,8.6411,11.337,8.80274,13.126,NA,NA,NA,NA,NA,NA,NA
0,0.1,4.51507,9.8137,12.8986,9.87123,14.537,NA,NA,NA,NA,NA,NA,NA
0,0.1,5.14795,11.5562,14.3507,11.3397,15.7589,NA,NA,NA,NA,NA,NA,NA
0,0.1,5.16438,10.5945,13.2822,11.074,14.8932,NA,NA,NA,NA,NA,NA,NA
0,0.1,4.68219,11.6,14.3096,11.8849,15.9671,NA,NA,NA,NA,NA,NA,NA
0,0.1,4.79178,11.1644,13.5973,11.4438,15.526,NA,NA,NA,NA,NA,NA,NA
0,0.1,4.31233,9.85479,12.2055,10.1425,14.1452,NA,NA,NA,NA,NA,NA,NA
0,0.1,4.12055,9.71507,12.5068,9.67945,14.6027,NA,NA,NA,NA,NA,NA,NA
0,0.1,4.48767,10.9699,13.4493,10.6,14.3425,NA,NA,NA,NA,NA,NA,NA
0,0.1,6.50137,12.0301,14.4027,12.726,16.0986,NA,NA,NA,NA,NA,NA,NA
0,0.1,6.35342,12.4603,14.9726,12.6192,17.2027,NA,NA,NA,NA,NA,NA,NA
0,0.1,4.7863,10.5534,13.589,11.2521,15.4274,NA,NA,NA,NA,NA,NA,NA
0,0.1,3.90411,9.08767,11.9315,9.2411,13.8822,NA,NA,NA,NA,NA,NA,NA
0,0.1,5.7726,11.5068,14.3342,11.6959,15.8685,NA,NA,NA,NA,NA,NA,NA
0,0.1,4.53151,9.43836,12.737,10.1945,13.9699,NA,NA,NA,NA,NA,NA,NA
0,0.1,4.76438,10.7863,13.5233,11.4219,15.1863,NA,NA,NA,NA,NA,NA,NA
0,0.1,6.64658,13.2219,16.2055,13.6986,18.0685,NA,NA,NA,NA,NA,NA,NA
0,0.25,2.64384,8.09315,10.7616,7.56986,12.0822,NA,NA,NA,NA,NA,NA,NA
0,0.25,3.61096,8.51507,11.3233,7.83014,12.5808,NA,NA,NA,NA,NA,NA,NA
0,0.25,3.46027,8.6411,11.2274,8.46849,12.4959,NA,NA,NA,NA,NA,NA,NA
0,0.25,2.40274,8.19726,10.9123,7.90959,11.9616,NA,NA,NA,NA,NA,NA,NA
0,0.25,2.76712,7.86575,10.3753,7.09863,12.1836,NA,NA,NA,NA,NA,NA,NA
0,0.25,3.00548,8.48767,10.9233,8.14521,12.5315,NA,NA,NA,NA,NA,NA,NA
0,0.25,3.86849,8.91233,11.1863,8.09863,12.6055,NA,NA,NA,NA,NA,NA,NA
0,0.25,3.61096,8.59452,11.389,8.02192,12.8274,NA,NA,NA,NA,NA,NA,NA
0,0.25,2.02192,6.65205,9.17534,5.99452,10.6932,NA,NA,NA,NA,NA,NA,NA
0,0.25,2.68493,7.96438,10.8356,7.48219,12.3562,NA,NA,NA,NA,NA,NA,NA
0,0.25,3.23562,8.56986,11.7315,7.97808,13.2438,NA,NA,NA,NA,NA,NA,NA
0,0.25,2.94521,8.29315,10.8959,8.24384,12.1452,NA,NA,NA,NA,NA,NA,NA
0,0.25,3.51781,8.91507,11.8712,8.47945,13.074,NA,NA,NA,NA,NA,NA,NA
0,0.25,2.50137,7.6137,10.9918,7.72877,12.789,NA,NA,NA,NA,NA,NA,NA
0,0.25,3.68767,9.64658,12.5836,9.20274,13.9589,NA,NA,NA,NA,NA,NA,NA
0,0.25,2.30411,8.20822,10.8932,7.80548,12.2767,NA,NA,NA,NA,NA,NA,NA
0,0.25,3.6,8.11233,10.9562,7.35616,12.2247,NA,NA,NA,NA,NA,NA,NA
0,0.25,2.86027,8.04932,10.7836,7.90959,12.8712,NA,NA,NA,NA,NA,NA,NA
0,0.25,3.61918,9.27123,11.9808,8.65753,13.3315,NA,NA,NA,NA,NA,NA,NA
0,0.25,3.09041,8.19726,10.989,7.70959,12.4438,NA,NA,NA,NA,NA,NA,NA
0,0.5,2.50959,7.28219,10.0384,3.99726,11.3123,NA,NA,NA,NA,NA,NA,NA
0,0.5,2.12603,6.93151,9.74247,4.85479,11.2055,NA,NA,NA,NA,NA,NA,NA
0,0.5,2.12055,6.5726,9.21096,5.23014,10.274,NA,NA,NA,NA,NA,NA,NA
0,0.5,1.89041,6.72603,9.74521,4.7726,10.611,NA,NA,NA,NA,NA,NA,NA
0,0.5,2.5726,7.16986,10.0986,5.10959,11.3644,NA,NA,NA,NA,NA,NA,NA
0,0.5,2.04658,6.69589,9.67671,5.00274,11.1726,NA,NA,NA,NA,NA,NA,NA
0,0.5,2.72055,7.4,10.6137,4.62466,12.2548,NA,NA,NA,NA,NA,NA,NA
0,0.5,2.51781,7.40548,10.2849,4.94795,11.4822,NA,NA,NA,NA,NA,NA,NA
0,0.5,2.13425,6.73425,9.81918,5.09589,11.6219,NA,NA,NA,NA,NA,NA,NA
0,0.5,2.1589,6.98356,9.78904,5.14795,11.1014,NA,NA,NA,NA,NA,NA,NA
0,0.5,2.64658,7.55616,10.4438,5.34247,11.8658,NA,NA,NA,NA,NA,NA,NA
0,0.5,1.93973,7.06027,9.82192,4.88493,11.0438,NA,NA,NA,NA,NA,NA,NA
0,0.5,1.9589,6.76712,9.56438,5.12055,10.9781,NA,NA,NA,NA,NA,NA,NA
0,0.5,2.82192,7.65753,10.2795,4.91233,11.4658,NA,NA,NA,NA,NA,NA,NA
0,0.5,1.65753,7.01644,9.48219,4.50411,10.863,NA,NA,NA,NA,NA,NA,NA
0,0.5,2.27123,7.15342,9.74247,5.10411,11.0932,NA,NA,NA,NA,NA,NA,NA
0,0.5,2.01644,6.07945,8.83014,5.69863,9.67123,NA,NA,NA,NA,NA,NA,NA
0,0.5,2.59452,8.45479,10.9726,5.68493,12.5178,NA,NA,NA,NA,NA,NA,NA
0,0.5,1.97808,6.97534,9.88767,5.39726,11.3562,NA,NA,NA,NA,NA,NA,NA
0,0.5,1.72329,7.5726,10.5178,5.06301,11.4849,NA,NA,NA,NA,NA,NA,NA
1,0,29.1288,36.5699,40,38.9397,40,NA,NA,NA,NA,NA,NA,NA
1,0,40,40,40,40,40,NA,NA,NA,NA,NA,NA,NA
1,0,40,40,40,40,40,NA,NA,NA,NA,NA,NA,NA
1,0,13.8493,19.6384,23.3425,21.9836,27.6932,NA,NA,NA,NA,NA,NA,NA
1,0,15.9452,24.7205,28.8,27.0877,33.3151,NA,NA,NA,NA,NA,NA,NA
1,0,33.8712,40,40,40,40,NA,NA,NA,NA,NA,NA,NA
1,0,14.6384,32.5014,36.7699,35.1096,40,NA,NA,NA,NA,NA,NA,NA
1,0,17.9507,40,40,40,40,NA,NA,NA,NA,NA,NA,NA
1,0,9.01918,16.5014,20.0904,18.9205,25.3068,NA,NA,NA,NA,NA,NA,NA
1,0,14.2466,21.6137,25.2219,24.2219,30.4,NA,NA,NA,NA,NA,NA,NA
1,0,29.5342,40,40,40,40,NA,NA,NA,NA,NA,NA,NA
1,0,21.6877,33.6849,37.611,36.0493,40,NA,NA,NA,NA,NA,NA,NA
1,0,29.9315,40,40,40,40,NA,NA,NA,NA,NA,NA,NA
1,0,23.7562,31.8822,36.5836,34.5288,40,NA,NA,NA,NA,NA,NA,NA
1,0,31.0932,40,40,40,40,NA,NA,NA,NA,NA,NA,NA
1,0,9.63836,22.0712,26.2,24.7123,31.4082,NA,NA,NA,NA,NA,NA,NA
1,0,28.874,40,40,40,40,NA,NA,NA,NA,NA,NA,NA
1,0,39.2411,40,40,40,40,NA,NA,NA,NA,NA,NA,NA
1,0,40,40,40,40,40,NA,NA,NA,NA,NA,NA,NA
1,0,28.2712,37.0904,40,39.9534,40,NA,NA,NA,NA,NA,NA,NA
1,0.01,23.8274,33.9123,37.7863,36.3479,40,NA,NA,NA,NA,NA,NA,NA
1,0.01,19.9507,30.2027,33.5288,32.3288,38.0822,NA,NA,NA,NA,NA,NA,NA
1,0.01,26.1288,39.937,40,40,40,NA,NA,NA,NA,NA,NA,NA
1,0.01,9.46027,23.1534,26.9753,26.263,31.6575,NA,NA,NA,NA,NA,NA,NA
1,0.01,19.6685,28.274,31.7288,29.7781,37.1945,NA,NA,NA,NA,NA,NA,NA
1,0.01,26.8301,40,40,40,40,NA,NA,NA,NA,NA,NA,NA
1,0.01,16.726,26.3151,29.8822,28.1589,34.3781,NA,NA,NA,NA,NA,NA,NA
1,0.01,16.7699,27.1425,30.5781,29.789,34.537,NA,NA,NA,NA,NA,NA,NA
1,0.01,32.0849,40,40,40,40,NA,NA,NA,NA,NA,NA,NA
1,0.01,10.9863,25.1753,28.5315,27.1699,33.1534,NA,NA,NA,NA,NA,NA,NA
1,0.01,15.4603,26.3973,30.1534,28.4849,35.4055,NA,NA,NA,NA,NA,NA,NA
1,0.01,11.2192,23.0658,27.0521,26.337,31.8356,NA,NA,NA,NA,NA,NA,NA
1,0.01,13.9397,24.4082,28.1671,27.4,32.6603,NA,NA,NA,NA,NA,NA,NA
1,0.01,34.2822,40,40,40,40,NA,NA,NA,NA,NA,NA,NA
1,0.01,8.52329,16.9808,21.2548,19.5041,25.8986,NA,NA,NA,NA,NA,NA,NA
1,0.01,14.5205,25.1452,29.2219,27.7918,33.8493,NA,NA,NA,NA,NA,NA,NA
1,0.01,16.0164,22.0384,25.2685,23.9863,29.2685,NA,NA,NA,NA,NA,NA,NA
1,0.01,27.4575,37.2137,40,40,40,NA,NA,NA,NA,NA,NA,NA
1,0.01,18.9808,28.0521,31.3726,29.6247,35.3507,NA,NA,NA,NA,NA,NA,NA
1,0.01,14.7452,22.5288,26.5671,25.2247,31.4575,NA,NA,NA,NA,NA,NA,NA
1,0.1,13.0438,20.5534,24.0438,22.4082,27.811,NA,NA,NA,NA,NA,NA,NA
1,0.1,10.7726,19.3753,22.4986,20.8411,26.9096,NA,NA,NA,NA,NA,NA,NA
1,0.1,14.5288,25.4411,28.4959,27.1452,33.6767,NA,NA,NA,NA,NA,NA,NA
1,0.1,6.6,13.0877,16.3342,15.0356,20.926,NA,NA,NA,NA,NA,NA,NA
1,0.1,15.4055,25.5781,29.1562,27.9836,33.9836,NA,NA,NA,NA,NA,NA,NA
1,0.1,6.92603,15.4795,19.0329,17.4822,23.2329,NA,NA,NA,NA,NA,NA,NA
1,0.1,12.7342,20.0822,23.7726,22.3616,28.2959,NA,NA,NA,NA,NA,NA,NA
1,0.1,6.16712,12.9205,16.737,15.326,21.2849,NA,NA,NA,NA,NA,NA,NA
1,0.1,9.71233,18.2055,21.6575,20.4548,26.137,NA,NA,NA,NA,NA,NA,NA
1,0.1,7.95342,14.8137,18.5288,16.8658,23.5562,NA,NA,NA,NA,NA,NA,NA
1,0.1,8.05205,15.8767,19.6438,18.137,24.2493,NA,NA,NA,NA,NA,NA,NA
1,0.1,13.4055,22.5753,26.7288,24.1836,31.663,NA,NA,NA,NA,NA,NA,NA
1,0.1,11.6986,20.3315,24.3507,22.6274,28.8521,NA,NA,NA,NA,NA,NA,NA
1,0.1,15.9178,24.7315,28.1863,26.1014,32.4493,NA,NA,NA,NA,NA,NA,NA
1,0.1,16.389,23.0959,26.874,25.7699,31.1616,NA,NA,NA,NA,NA,NA,NA
1,0.1,30.3918,37.6548,40,39.6164,40,NA,NA,NA,NA,NA,NA,NA
1,0.1,11.7068,28.0822,31.8822,30.8548,36.4986,NA,NA,NA,NA,NA,NA,NA
1,0.1,5.60548,12.8192,16.3699,15.4712,20.4904,NA,NA,NA,NA,NA,NA,NA
1,0.1,14.8438,23.3781,27.3452,25.274,31.2493,NA,NA,NA,NA,NA,NA,NA
1,0.1,10.2521,20.0219,24.0082,22.4329,28.7781,NA,NA,NA,NA,NA,NA,NA
1,0.25,14.3726,22.8877,26.6274,25.1342,31.0356,NA,NA,NA,NA,NA,NA,NA
1,0.25,8.42192,15.9534,20.1315,18.5014,24.7726,NA,NA,NA,NA,NA,NA,NA
1,0.25,15.3233,23.3699,26.5836,25.0767,31.0904,NA,NA,NA,NA,NA,NA,NA
1,0.25,7.61918,18.0247,21.537,20.3589,26.6082,NA,NA,NA,NA,NA,NA,NA
1,0.25,12.8247,20.7726,24.3781,23.2603,29.2356,NA,NA,NA,NA,NA,NA,NA
1,0.25,6.82466,15.063,19.1945,17.7479,24.3562,NA,NA,NA,NA,NA,NA,NA
1,0.25,7.9863,18.6301,22.1288,20.8904,26.863,NA,NA,NA,NA,NA,NA,NA
1,0.25,10.8493,17.3123,21.3205,19.9534,25.6055,NA,NA,NA,NA,NA,NA,NA
1,0.25,10.3589,21.863,24.8685,23.2904,29.3205,NA,NA,NA,NA,NA,NA,NA
1,0.25,4.29589,10.3397,13.7945,12.2329,18.1205,NA,NA,NA,NA,NA,NA,NA
1,0.25,12.7288,20.737,24.2329,22.3589,28.6384,NA,NA,NA,NA,NA,NA,NA
1,0.25,8.46849,15.4822,18.9123,17.9342,23.0603,NA,NA,NA,NA,NA,NA,NA
1,0.25,18.1205,28.1397,32.0411,30.7479,36.389,NA,NA,NA,NA,NA,NA,NA
1,0.25,6.74521,15.0356,18.4466,17.0822,23.4384,NA,NA,NA,NA,NA,NA,NA
1,0.25,13.5699,21.9425,25.8411,24.1726,29.9178,NA,NA,NA,NA,NA,NA,NA
1,0.25,13.463,20.4575,24.0685,22.7233,28.6712,NA,NA,NA,NA,NA,NA,NA
1,0.25,5.73973,15.0466,18.4575,17.3836,22.8274,NA,NA,NA,NA,NA,NA,NA
1,0.25,10.7863,18.011,21.9562,20.7151,26.1671,NA,NA,NA,NA,NA,NA,NA
1,0.25,8.29863,15.0055,18.0438,16.9945,22.0849,NA,NA,NA,NA,NA,NA,NA
1,0.25,7.76438,15.8658,18.9945,17.5562,23.2822,NA,NA,NA,NA,NA,NA,NA
1,0.5,5.5589,16.9178,20.0658,18.2219,24.3945,NA,NA,NA,NA,NA,NA,NA
1,0.5,5.04384,12.6164,16.189,13.4575,20.1644,NA,NA,NA,NA,NA,NA,NA
1,0.5,7.37534,14.5836,18.2575,16.5534,22.3178,NA,NA,NA,NA,NA,NA,NA
1,0.5,7.54247,15.0959,18.7151,16.7534,23.3041,NA,NA,NA,NA,NA,NA,NA
1,0.5,4.70685,11.6822,15.6712,14.389,20.5699,NA,NA,NA,NA,NA,NA,NA
1,0.5,9.13151,15.9068,19.5233,18.2192,24.6082,NA,NA,NA,NA,NA,NA,NA
1,0.5,8.09863,13.7973,16.9863,15.6849,21.1671,NA,NA,NA,NA,NA,NA,NA
1,0.5,9.14795,16.7178,19.8247,18.4548,23.7041,NA,NA,NA,NA,NA,NA,NA
1,0.5,7.26301,15.7781,19.263,17.5616,23.0411,NA,NA,NA,NA,NA,NA,NA
1,0.5,4.36164,11.4877,15.0712,13.4603,19.0384,NA,NA,NA,NA,NA,NA,NA
1,0.5,7.88493,13.6466,17.1425,15.1562,21.2274,NA,NA,NA,NA,NA,NA,NA
1,0.5,6.5863,13.6493,16.6274,15.0356,21.0493,NA,NA,NA,NA,NA,NA,NA
1,0.5,7.40548,15.863,19.4137,16.6137,23.8164,NA,NA,NA,NA,NA,NA,NA
1,0.5,7.2,15.6685,19.9973,18.4027,24.5096,NA,NA,NA,NA,NA,NA,NA
1,0.5,6.72603,14.0247,17.3836,15.8685,22.0384,NA,NA,NA,NA,NA,NA,NA
1,0.5,6.4,16.3096,19.9726,18.3425,24.3562,NA,NA,NA,NA,NA,NA,NA
1,0.5,4.72055,12.5836,16.0877,13.9123,20.189,NA,NA,NA,NA,NA,NA,NA
1,0.5,8.15342,16.0986,19.8849,18.6493,24.7425,NA,NA,NA,NA,NA,NA,NA
1,0.5,5.27945,11.3589,14.9863,12.7781,19.2849,NA,NA,NA,NA,NA,NA,NA
1,0.5,7.90411,16.7068,19.8274,18.0712,23.7726,NA,NA,NA,NA,NA,NA,NA
2,0,15.1288,22.4027,25.063,17.8466,26.0411,NA,NA,NA,NA,NA,NA,NA
2,0,13.8192,24.6904,28.3397,20.8849,29.4055,NA,NA,NA,NA,NA,NA,NA
2,0,10.5342,29.1562,33.726,8.04932,35.5068,NA,NA,NA,NA,NA,NA,NA
2,0,7.29041,15.7123,18.7562,9.88219,20.1534,NA,NA,NA,NA,NA,NA,NA
2,0,5.26575,12.2795,15.3616,8.12877,16.1068,NA,NA,NA,NA,NA,NA,NA
2,0,10.8959,16.7699,20.1068,13.5644,21.7425,NA,NA,NA,NA,NA,NA,NA
2,0,5.87123,19.0247,22.1808,16.1288,23.6137,NA,NA,NA,NA,NA,NA,NA
2,0,7.43288,16.4082,19.5397,11.8493,20.0658,NA,NA,NA,NA,NA,NA,NA
2,0,8.20548,15.7342,18.8932,12.2521,20.137,NA,NA,NA,NA,NA,NA,NA
2,0,14.0466,27.4493,30.0904,23.7096,31.4466,NA,NA,NA,NA,NA,NA,NA
2,0,6.21918,13.6493,16.9178,10.4521,17.5644,NA,NA,NA,NA,NA,NA,NA
2,0,8.3863,14.4986,17.9123,10.7041,19.2192,NA,NA,NA,NA,NA,NA,NA
2,0,9.43836,15.7644,18.5562,6.68767,19.0849,NA,NA,NA,NA,NA,NA,NA
2,0,6.88767,15.5178,18.5205,12.1041,19.5589,NA,NA,NA,NA,NA,NA,NA
2,0,7.99178,22.3315,26.8164,11.5562,28.737,NA,NA,NA,NA,NA,NA,NA
2,0,8.34795,19.7781,22.9616,13.4685,24.0603,NA,NA,NA,NA,NA,NA,NA
2,0,11.2192,19.9808,22.8329,17.2274,24.1616,NA,NA,NA,NA,NA,NA,NA
2,0,9.67397,16.7452,20.9288,11.4603,21.8877,NA,NA,NA,NA,NA,NA,NA
2,0,12.7863,24.2356,27.7178,18.5945,28.5699,NA,NA,NA,NA,NA,NA,NA
2,0,7.47945,19.3315,22.5123,13.9041,23.6521,NA,NA,NA,NA,NA,NA,NA
2,0.01,6.80548,14.2055,17.2329,7.93973,18.389,NA,NA,NA,NA,NA,NA,NA
2,0.01,7.92329,14.1315,17.3288,6.82192,17.9288,NA,NA,NA,NA,NA,NA,NA
2,0.01,6.40822,14.0658,17.0137,10.4795,17.9178,NA,NA,NA,NA,NA,NA,NA
2,0.01,5.78082,14.5425,17.6685,5.80822,19.0575,NA,NA,NA,NA,NA,NA,NA
2,0.01,6.24658,19.9589,23.211,15.3973,24.5562,NA,NA,NA,NA,NA,NA,NA
2,0.01,12.189,24.9397,28.4356,17.6603,29.7452,NA,NA,NA,NA,NA,NA,NA
2,0.01,13.1863,19.2849,21.9753,16.4603,23.0548,NA,NA,NA,NA,NA,NA,NA
2,0.01,8.13151,16.8055,19.5205,11.6575,20.3863,NA,NA,NA,NA,NA,NA,NA
2,0.01,9.09315,19.9973,22.9918,6.54795,23.9918,NA,NA,NA,NA,NA,NA,NA
2,0.01,12.4,21.7781,24.6356,0.610959,25.6575,NA,NA,NA,NA,NA,NA,NA
2,0.01,6.69041,16.6932,19.7315,1.45205,20.7507,NA,NA,NA,NA,NA,NA,NA
2,0.01,8.95342,16.526,19.9973,4.3589,21.0411,NA,NA,NA,NA,NA,NA,NA
2,0.01,9.01918,17.8247,20.7041,11.6055,22.0685,NA,NA,NA,NA,NA,NA,NA
2,0.01,11.4082,21.0466,24.3616,0.961644,25.3233,NA,NA,NA,NA,NA,NA,NA
2,0.01,6.70959,14.3452,17.7397,4.46301,18.7781,NA,NA,NA,NA,NA,NA,NA
2,0.01,9.37534,18.4384,21.4849,11.863,22.463,NA,NA,NA,NA,NA,NA,NA
2,0.01,8.39178,17.4356,20.4219,8.6411,21.7726,NA,NA,NA,NA,NA,NA,NA
2,0.01,8.30411,18.3699,21.7397,1.05753,22.8301,NA,NA,NA,NA,NA,NA,NA
2,0.01,7.59452,14.5233,17.4904,2.36438,18.6493,NA,NA,NA,NA,NA,NA,NA
2,0.01,7.47671,15.4082,17.9753,9.74521,19.0685,NA,NA,NA,NA,NA,NA,NA
2,0.1,5.69589,11.5452,14.8384,1.36712,15.9014,NA,NA,NA,NA,NA,NA,NA
2,0.1,6.27123,13.3288,16.2493,0.89863,17.0247,NA,NA,NA,NA,NA,NA,NA
2,0.1,6.88219,12.1123,14.7342,3.46027,15.9342,NA,NA,NA,NA,NA,NA,NA
2,0.1,4.73973,11.2247,14.4932,1.03014,15.4685,NA,NA,NA,NA,NA,NA,NA
2,0.1,4.22192,10.2137,12.8438,6.11233,13.6,NA,NA,NA,NA,NA,NA,NA
2,0.1,4.81096,9.76986,13.3699,0.216438,14.2192,NA,NA,NA,NA,NA,NA,NA
2,0.1,5.27123,13.1096,15.9918,4.50137,16.4658,NA,NA,NA,NA,NA,NA,NA
2,0.1,5.45479,13.5123,16.3425,3.24384,17.3288,NA,NA,NA,NA,NA,NA,NA
2,0.1,4.86027,10.3288,13.2685,5.39178,14.4301,NA,NA,NA,NA,NA,NA,NA
2,0.1,5.63014,13.1699,16.1479,2.81096,16.8932,NA,NA,NA,NA,NA,NA,NA
2,0.1,3.77808,9.78904,12.6932,0.405479,13.6247,NA,NA,NA,NA,NA,NA,NA
2,0.1,5.09041,10.6575,13.2219,0.739726,13.5726,NA,NA,NA,NA,NA,NA,NA
2,0.1,5.82192,10.5342,13.9534,5.50685,14.6438,NA,NA,NA,NA,NA,NA,NA
2,0.1,5.76438,12.1863,15.3699,2.52055,16.2493,NA,NA,NA,NA,NA,NA,NA
2,0.1,3.66575,10.8767,13.9452,1.86027,14.8849,NA,NA,NA,NA,NA,NA,NA
2,0.1,6.18356,12.6,15.2904,1.4274,16.1808,NA,NA,NA,NA,NA,NA,NA
2,0.1,4.87397,11.4411,14.3342,4,14.6219,NA,NA,NA,NA,NA,NA,NA
2,0.1,4.62466,10.6027,13.7425,3.44384,14.8137,NA,NA,NA,NA,NA,NA,NA
2,0.1,8.0411,13.5671,16.5699,5.94795,17.1562,NA,NA,NA,NA,NA,NA,NA
2,0.1,4.16164,12.2767,15.663,0.791781,16.3644,NA,NA,NA,NA,NA,NA,NA
2,0.25,4.89315,11.9836,15.1945,0.358904,15.7616,NA,NA,NA,NA,NA,NA,NA
2,0.25,4.85753,12.1753,15.0027,0.180822,16.0877,NA,NA,NA,NA,NA,NA,NA
2,0.25,2.91507,8.03562,11.3562,0.273973,12.0795,NA,NA,NA,NA,NA,NA,NA
2,0.25,4.06301,9.67671,13.1836,0.345205,14.1068,NA,NA,NA,NA,NA,NA,NA
2,0.25,4.74521,9.93425,12.7315,0.224658,13.3507,NA,NA,NA,NA,NA,NA,NA
2,0.25,3.43562,8.95068,11.9753,0.468493,12.7562,NA,NA,NA,NA,NA,NA,NA
2,0.25,3.67123,10.3753,13.0466,0.553425,13.7178,NA,NA,NA,NA,NA,NA,NA
2,0.25,4.24932,11.0603,13.6658,0.443836,14.2466,NA,NA,NA,NA,NA,NA,NA
2,0.25,6.15068,12.6795,15.337,0.789041,16.3699,NA,NA,NA,NA,NA,NA,NA
2,0.25,4.07945,9.81096,12.8767,1.50137,13.4959,NA,NA,NA,NA,NA,NA,NA
2,0.25,5.19452,11.8356,14.8493,0.652055,15.8164,NA,NA,NA,NA,NA,NA,NA
2,0.25,4.19726,9.68493,12.1589,0.736986,12.9534,NA,NA,NA,NA,NA,NA,NA
2,0.25,5.05205,10.5288,13.8,0.643836,14.5945,NA,NA,NA,NA,NA,NA,NA
2,0.25,4.11233,9.30685,12.6356,0.39726,13.211,NA,NA,NA,NA,NA,NA,NA
2,0.25,4.49589,10.5671,13.6,0.224658,13.7342,NA,NA,NA,NA,NA,NA,NA
2,0.25,6.55342,12.8247,15.7205,0.572603,16.263,NA,NA,NA,NA,NA,NA,NA
2,0.25,6.77808,12.011,14.8301,0.205479,15.389,NA,NA,NA,NA,NA,NA,NA
2,0.25,5.03288,10.9096,13.9781,0.364384,14.0959,NA,NA,NA,NA,NA,NA,NA
2,0.25,4.21644,9.88493,13.1562,0.854795,13.6767,NA,NA,NA,NA,NA,NA,NA
2,0.25,2.12329,8.0274,11.2274,0.276712,12.0164,NA,NA,NA,NA,NA,NA,NA
2,0.5,3.37534,8.80274,11.5507,0.131507,11.8,NA,NA,NA,NA,NA,NA,NA
2,0.5,2.55616,9.68767,12.3616,0.169863,12.4685,NA,NA,NA,NA,NA,NA,NA
2,0.5,3.61644,8.50137,11.3836,0.178082,11.8932,NA,NA,NA,NA,NA,NA,NA
2,0.5,3.58356,8.96164,12.1178,0.221918,12.3589,NA,NA,NA,NA,NA,NA,NA
2,0.5,4.56438,9.28219,12.4548,0.191781,12.5507,NA,NA,NA,NA,NA,NA,NA
2,0.5,2.50137,7.50959,10.3507,0.136986,10.6137,NA,NA,NA,NA,NA,NA,NA
2,0.5,3.31781,8.70411,11.8247,0.142466,11.8164,NA,NA,NA,NA,NA,NA,NA
2,0.5,2.45479,7.4137,10.0384,0.169863,10.4575,NA,NA,NA,NA,NA,NA,NA
2,0.5,2.20548,8.09863,10.8575,0.145205,11.1644,NA,NA,NA,NA,NA,NA,NA
2,0.5,2.70137,7.98904,11.2767,0.0630137,11.4082,NA,NA,NA,NA,NA,NA,NA
2,0.5,4.17534,10.3644,13.5534,0.0684932,13.8247,NA,NA,NA,NA,NA,NA,NA
2,0.5,2.36986,8.35616,11.4548,0.158904,11.7123,NA,NA,NA,NA,NA,NA,NA
2,0.5,4.60822,10.3589,13.789,0.191781,14.0219,NA,NA,NA,NA,NA,NA,NA
2,0.5,4.79178,9.63562,12.6548,0.224658,13.0767,NA,NA,NA,NA,NA,NA,NA
2,0.5,3.24658,8.53151,11.4822,0.0657534,11.737,NA,NA,NA,NA,NA,NA,NA
2,0.5,4.4137,9.62192,12.8603,0.29589,13.4959,NA,NA,NA,NA,NA,NA,NA
2,0.5,2.46575,8.12329,11.0164,0.178082,10.6438,NA,NA,NA,NA,NA,NA,NA
2,0.5,2.89589,7.86849,10.7151,0.164384,11.0932,NA,NA,NA,NA,NA,NA,NA
2,0.5,2.95342,8.79452,11.8986,0.205479,12.1973,NA,NA,NA,NA,NA,NA,NA
2,0.5,3.12055,9.07123,11.474,0.115068,11.7397,NA,NA,NA,NA,NA,NA,NA
